material_id,original_value,prediction
icsd_200,3.40024609090933,0.53151035
icsd_76,1.7393664545143566,0.24039109
icsd_22,1.42037228648639,0.15240219
icsd_222,1.1969777290366397,0.07808607
